City_ID,City,Country,Date,Lat,Lng,Max Temp,Humidity,Cloudiness,Wind Speed
0,New Norfolk,AU,2021-11-24 18:44:28,-42.7826,147.0587,55.92,63,9,3.0
1,Kavaratti,IN,2021-11-24 18:44:28,10.5669,72.642,80.92,81,100,5.7
2,Sobolevo,RU,2021-11-24 18:44:29,54.4299,31.8996,33.51,91,95,13.78
3,Ushuaia,AR,2021-11-24 18:42:47,-54.8,-68.3,49.66,53,40,21.85
4,Yellowknife,CA,2021-11-24 18:44:29,62.456,-114.3525,-5.71,70,75,9.22
5,Jamestown,US,2021-11-24 18:42:24,42.097,-79.2353,44.71,33,100,4.0
6,East London,ZA,2021-11-24 18:44:30,-33.0153,27.9116,61.74,72,20,5.75
7,Oranjestad,AW,2021-11-24 18:41:00,12.524,-70.027,84.15,70,40,14.97
8,Barrow,US,2021-11-24 18:44:30,71.2906,-156.7887,-2.18,71,75,11.5
9,Victoria,HK,2021-11-24 18:39:38,22.2855,114.1577,67.24,76,0,4.0
10,Tiksi,RU,2021-11-24 18:44:31,71.6872,128.8694,-10.82,94,100,5.95
11,Boa Vista,BR,2021-11-24 18:44:31,2.8197,-60.6733,94.98,38,40,5.75
12,Ambunti,PG,2021-11-24 18:44:32,-4.2365,142.8448,72.45,99,100,1.74
13,Mbaiki,CF,2021-11-24 18:44:32,3.8678,17.9892,75.02,49,40,1.86
14,Minab,IR,2021-11-24 18:44:32,27.1467,57.0801,71.1,78,0,2.8
15,Busselton,AU,2021-11-24 18:44:33,-33.65,115.3333,59.09,77,89,11.92
16,Kapaa,US,2021-11-24 18:44:35,22.0752,-159.319,74.19,89,20,6.91
17,Lorengau,PG,2021-11-24 18:44:36,-2.0226,147.2712,80.82,79,39,3.2
18,Waslala,NI,2021-11-24 18:44:36,13.2333,-85.3833,84.54,54,71,7.34
19,Bluff,NZ,2021-11-24 18:44:37,-46.6,168.3333,51.37,83,99,7.83
20,Albany,US,2021-11-24 18:40:38,42.6001,-73.9662,42.8,47,0,1.01
21,Imbituba,BR,2021-11-24 18:44:37,-28.24,-48.6703,73.29,62,0,10.36
22,Tecoanapa,MX,2021-11-24 18:44:37,16.5167,-98.75,82.67,72,1,7.31
23,Srednekolymsk,RU,2021-11-24 18:44:38,67.45,153.6833,-14.67,99,100,4.61
24,Bredasdorp,ZA,2021-11-24 18:44:38,-34.5322,20.0403,62.28,69,0,15.66
25,Nikolskoye,RU,2021-11-24 18:44:39,59.7035,30.7861,33.87,69,100,7.58
26,Norman Wells,CA,2021-11-24 18:44:39,65.282,-126.8329,-32.76,68,40,2.3
27,Hobart,AU,2021-11-24 18:44:39,-42.8794,147.3294,56.26,85,12,0.0
28,Kouango,CF,2021-11-24 18:44:39,4.9934,19.9619,78.01,46,0,2.98
29,Tuktoyaktuk,CA,2021-11-24 18:44:40,69.4541,-133.0374,-23.8,76,20,6.91
30,Uige,AO,2021-11-24 18:44:40,-7.6087,15.0613,67.93,98,100,2.01
31,Luza,RU,2021-11-24 18:44:41,60.6308,47.2512,17.24,95,100,8.03
32,Vaini,TO,2021-11-24 18:44:41,-21.2,-175.2,71.76,100,40,2.3
33,Hithadhoo,MV,2021-11-24 18:44:42,-0.6,73.0833,82.09,75,100,17.9
34,Beyneu,KZ,2021-11-24 18:44:42,45.3167,55.2,37.04,79,100,19.06
35,San Cristobal,VE,2021-11-24 18:44:43,7.7669,-72.225,77.18,85,68,3.18
36,Salalah,OM,2021-11-24 18:44:43,17.0151,54.0924,82.49,83,75,5.75
37,Ilulissat,GL,2021-11-24 18:44:43,69.2167,-51.1,30.22,80,75,16.11
38,Thompson,CA,2021-11-24 18:42:14,55.7435,-97.8558,-0.24,71,1,14.97
39,Jiwani,PK,2021-11-24 18:44:44,25.05,61.7417,78.17,75,9,6.73
40,Aklavik,CA,2021-11-24 18:44:44,68.2191,-135.0107,-22.0,76,40,2.3
41,Olafsvik,IS,2021-11-24 18:44:47,64.8945,-23.7142,33.19,73,100,14.16
42,Saint George,US,2021-11-24 18:41:13,37.1041,-113.5841,57.67,23,1,4.0
43,Hermanus,ZA,2021-11-24 18:44:47,-34.4187,19.2345,62.8,73,0,20.29
44,Mataura,NZ,2021-11-24 18:44:48,-46.1927,168.8643,51.17,77,100,1.86
45,Atuona,PF,2021-11-24 18:44:48,-9.8,-139.0333,77.22,80,28,12.1
46,Longyearbyen,SJ,2021-11-24 18:45:49,78.2186,15.6401,1.24,71,20,11.5
47,Taltal,CL,2021-11-24 18:42:36,-25.4,-70.4833,67.05,63,25,8.59
48,Jiangyou,CN,2021-11-24 18:45:49,31.7667,104.7167,48.06,77,0,2.57
49,Kutum,SD,2021-11-24 18:45:50,14.2,24.6667,66.97,14,27,8.88
50,Dingle,PH,2021-11-24 18:45:50,10.9995,122.6711,77.36,93,99,6.96
51,Punta Arenas,CL,2021-11-24 18:45:50,-53.15,-70.9167,55.51,38,20,16.11
52,Camacupa,AO,2021-11-24 18:45:51,-12.0167,17.4833,62.91,92,98,2.37
53,Pacific Grove,US,2021-11-24 18:43:37,36.6177,-121.9166,65.77,36,1,7.0
54,Rikitea,PF,2021-11-24 18:45:51,-23.1203,-134.9692,76.6,75,24,14.76
55,Mehamn,NO,2021-11-24 18:45:52,71.0357,27.8492,28.58,86,75,17.27
56,Upernavik,GL,2021-11-24 18:45:52,72.7868,-56.1549,29.88,75,100,34.34
57,Puerto Madryn,AR,2021-11-24 18:45:53,-42.7692,-65.0385,80.89,33,2,5.61
58,Beni,CD,2021-11-24 18:45:53,0.5,29.4667,62.76,99,39,2.55
59,Itarema,BR,2021-11-24 18:45:53,-2.9248,-39.9167,85.6,63,19,16.55
60,Asifabad,IN,2021-11-24 18:45:54,19.3667,79.2833,72.63,70,100,0.89
61,Mar Del Plata,AR,2021-11-24 18:42:24,-38.0023,-57.5575,91.42,69,0,5.01
62,Cherskiy,RU,2021-11-24 18:45:54,68.75,161.3,-14.46,97,100,3.94
63,Grand Gaube,MU,2021-11-24 18:45:55,-20.0064,57.6608,77.38,73,33,1.99
64,Kimberley,ZA,2021-11-24 18:45:06,-28.7323,24.7623,65.89,42,0,9.22
65,Qaanaaq,GL,2021-11-24 18:45:55,77.484,-69.3632,-5.53,54,0,8.68
66,Kihei,US,2021-11-24 18:45:56,20.785,-156.4656,78.84,67,1,5.75
67,Havre-Saint-Pierre,CA,2021-11-24 18:45:56,50.2334,-63.5986,39.2,80,90,13.8
68,Constitucion,CL,2021-11-24 18:45:57,-35.3333,-72.4167,62.02,71,24,12.55
69,Georgetown,MY,2021-11-24 18:45:12,5.4112,100.3354,78.73,94,40,5.01
70,Hilo,US,2021-11-24 18:45:57,19.7297,-155.09,78.62,69,75,6.91
71,Provideniya,RU,2021-11-24 18:45:57,64.3833,-173.3,2.64,79,85,4.29
72,Pisco,PE,2021-11-24 18:44:42,-13.7,-76.2167,69.85,73,0,8.05
73,Butaritari,KI,2021-11-24 18:45:58,3.0707,172.7902,82.08,67,100,15.39
74,Dikson,RU,2021-11-24 18:45:58,73.5069,80.5464,8.49,89,100,8.5
75,Carlsbad,US,2021-11-24 18:45:44,33.1581,-117.3506,73.15,62,1,1.99
76,Mount Isa,AU,2021-11-24 18:45:59,-20.7333,139.5,73.17,64,90,13.8
77,Chuy,UY,2021-11-24 18:45:59,-33.6971,-53.4616,80.46,31,0,9.15
78,Oussouye,SN,2021-11-24 18:46:00,12.485,-16.5469,91.58,74,26,8.43
79,Belmonte,BR,2021-11-24 18:46:00,-15.8631,-38.8828,81.1,73,14,10.94
80,Airai,TL,2021-11-24 18:46:01,-8.9266,125.4092,62.13,93,100,0.69
81,Jiazi,CN,2021-11-24 18:46:01,22.8779,116.067,61.41,73,0,8.86
82,Palestine,PS,2021-11-24 18:46:02,31.9216,35.2033,56.93,85,100,2.26
83,Roald,NO,2021-11-24 18:46:02,62.5833,6.1333,39.34,87,40,8.05
84,Lebu,CL,2021-11-24 18:46:02,-37.6167,-73.65,61.21,73,34,10.13
85,Tuatapere,NZ,2021-11-24 18:46:03,-46.1333,167.6833,52.74,71,100,5.01
86,Mouila,GA,2021-11-24 18:46:03,-1.8685,11.0559,73.78,97,98,2.08
87,Carnarvon,AU,2021-11-24 18:46:04,-24.8667,113.6333,69.87,78,0,9.22
88,Mikhaylovka,RU,2021-11-24 18:46:04,50.06,43.2379,19.71,64,1,8.01
89,Villa Carlos Paz,AR,2021-11-24 18:46:05,-31.4241,-64.4978,89.38,48,99,11.99
90,Zemio,CF,2021-11-24 18:46:05,5.0314,25.1361,74.77,43,0,1.61
91,Santa Maria,BR,2021-11-24 18:46:05,-29.6842,-53.8069,87.1,15,0,13.8
92,Khatanga,RU,2021-11-24 18:47:06,71.9667,102.5,-11.25,95,27,4.65
93,Talnakh,RU,2021-11-24 18:47:06,69.4865,88.3972,11.32,95,100,7.7
94,Tombouctou,ML,2021-11-24 18:47:07,20.0,-3.0,81.7,25,28,8.5
95,Ulladulla,AU,2021-11-24 18:47:07,-35.35,150.4667,67.77,96,100,4.9
96,Puerto Ayora,EC,2021-11-24 18:47:08,-0.7393,-90.3518,82.36,69,67,11.43
97,Verkhniye Kigi,RU,2021-11-24 18:47:08,55.4083,58.6044,7.32,94,99,8.01
98,Warmbad,NA,2021-11-24 18:47:08,-28.45,18.7333,79.43,17,95,5.06
99,Ribeira Grande,PT,2021-11-24 18:47:09,38.5167,-28.7,66.6,77,75,26.46
100,Puerto Escondido,MX,2021-11-24 18:47:09,15.85,-97.0667,85.6,55,1,6.87
101,San Quintin,MX,2021-11-24 18:46:10,30.4833,-115.95,66.02,66,98,6.71
102,Clyde River,CA,2021-11-24 18:47:10,70.4692,-68.5914,8.83,92,100,27.63
103,Mason City,US,2021-11-24 18:47:11,43.1536,-93.201,55.53,57,1,12.66
104,Araouane,ML,2021-11-24 18:47:11,18.9048,-3.5265,82.38,25,3,8.43
105,Placido De Castro,BR,2021-11-24 18:47:11,-10.3353,-67.1856,77.97,92,100,3.06
106,Veroia,GR,2021-11-24 18:47:12,40.5233,22.2036,52.97,92,76,1.5
107,Souillac,MU,2021-11-24 18:47:12,-20.5167,57.5167,77.36,83,20,5.75
108,Bambous Virieux,MU,2021-11-24 18:47:13,-20.3428,57.7575,77.22,83,20,5.75
109,Sao Filipe,CV,2021-11-24 18:47:13,14.8961,-24.4956,78.66,72,1,4.81
110,Bengkulu,ID,2021-11-24 18:47:14,-3.8004,102.2655,75.22,77,99,3.98
111,De Aar,ZA,2021-11-24 18:47:14,-30.6497,24.0123,65.08,30,49,10.6
112,Esil,KZ,2021-11-24 18:47:14,51.9556,66.4042,15.17,95,100,7.14
113,Boende,CD,2021-11-24 18:47:15,-0.2167,20.8667,76.59,75,96,1.12
114,Sangar,RU,2021-11-24 18:47:15,63.9242,127.4739,-20.29,96,100,0.83
115,Rockland,US,2021-11-24 18:47:16,41.1668,-74.0496,46.22,43,0,1.99
116,Chokurdakh,RU,2021-11-24 18:47:16,70.6333,147.9167,-13.97,99,98,6.49
117,Avarua,CK,2021-11-24 18:47:17,-21.2078,-159.775,77.05,73,75,4.61
118,Sao Jose Da Coroa Grande,BR,2021-11-24 18:47:17,-8.8978,-35.1478,82.81,67,1,11.81
119,Tymovskoye,RU,2021-11-24 18:47:17,50.8456,142.655,26.19,97,100,3.04
120,Labuhan,ID,2021-11-24 18:47:18,-6.8844,112.2051,79.52,82,100,7.31
121,Waikuku,NZ,2021-11-24 18:47:18,-43.3,172.6833,60.03,93,100,4.29
122,Mitu,CO,2021-11-24 18:47:19,1.1983,-70.1733,84.94,67,53,2.04
123,Santa Cruz,BO,2021-11-24 18:44:03,-17.8,-63.1667,82.45,69,75,8.05
124,Linqing,CN,2021-11-24 18:47:19,36.8456,115.7117,41.77,42,0,1.72
125,Taormina,IT,2021-11-24 18:47:20,37.8536,15.2885,61.29,86,98,7.36
126,Bethel,US,2021-11-24 18:47:20,41.3712,-73.414,43.99,43,1,1.99
127,Sattahip,TH,2021-11-24 18:47:20,12.6664,100.9007,83.91,83,40,6.91
128,Paramonga,PE,2021-11-24 18:47:21,-10.6667,-77.8333,70.27,76,100,10.45
129,Raikot,IN,2021-11-24 18:47:22,30.65,75.6,61.16,32,0,6.91
130,Esperance,AU,2021-11-24 18:47:22,-33.8667,121.9,57.04,81,13,2.24
131,Ancud,CL,2021-11-24 18:47:23,-41.8697,-73.8203,68.43,83,77,11.83
132,Faanui,PF,2021-11-24 18:47:23,-16.4833,-151.75,80.53,74,10,6.46
133,Asyut,EG,2021-11-24 18:47:23,27.181,31.1837,66.38,42,6,6.96
134,Beringovskiy,RU,2021-11-24 18:47:24,63.05,179.3167,-3.96,82,100,5.7
135,Taksimo,RU,2021-11-24 18:47:24,56.3444,114.8794,-14.62,90,16,0.51
136,Alappuzha,IN,2021-11-24 18:47:25,9.49,76.3264,77.13,78,100,3.8
137,Fortuna,US,2021-11-24 18:47:25,40.5982,-124.1573,54.93,73,1,3.0
138,Richards Bay,ZA,2021-11-24 18:48:26,-28.783,32.0377,67.33,60,100,12.44
139,Taua,BR,2021-11-24 18:48:26,-5.9667,-40.3,95.52,26,64,8.84
140,Nabire,ID,2021-11-24 18:48:26,-3.3667,135.4833,75.22,91,99,2.48
141,Mount Gambier,AU,2021-11-24 18:47:02,-37.8333,140.7667,53.51,87,40,8.05
142,Bathsheba,BB,2021-11-24 18:48:27,13.2167,-59.5167,86.61,70,75,14.97
143,Port Alfred,ZA,2021-11-24 18:48:27,-33.5906,26.891,62.29,73,92,11.05
144,Nishihara,JP,2021-11-24 18:48:28,26.1842,127.7558,61.88,63,75,4.61
145,Severo-Kurilsk,RU,2021-11-24 18:48:28,50.6789,156.125,38.12,98,100,17.54
146,Northam,GB,2021-11-24 18:48:28,51.0333,-4.2167,46.62,89,100,2.33
147,Pangnirtung,CA,2021-11-24 18:48:29,66.1451,-65.7125,19.4,73,90,4.61
148,Saskylakh,RU,2021-11-24 18:48:29,71.9167,114.0833,-14.37,93,81,10.47
149,Yar-Sale,RU,2021-11-24 18:48:30,66.8333,70.8333,2.68,96,100,3.18
150,Nanortalik,GL,2021-11-24 18:48:30,60.1432,-45.2371,38.98,96,100,15.86
151,Altoona,US,2021-11-24 18:48:30,40.5187,-78.3947,46.31,49,91,4.43
152,Longyan,CN,2021-11-24 18:48:31,25.1072,117.0225,50.63,69,58,2.91
153,Cape Town,ZA,2021-11-24 18:48:32,-33.9258,18.4232,68.41,46,0,24.16
154,South Yarmouth,US,2021-11-24 18:48:32,41.6668,-70.1847,44.74,51,1,8.99
155,Abu Dhabi,AE,2021-11-24 18:47:34,24.4667,54.3667,78.96,67,0,9.22
156,Nemuro,JP,2021-11-24 18:48:33,43.3236,145.575,39.7,56,100,15.12
157,Arraial Do Cabo,BR,2021-11-24 18:48:33,-22.9661,-42.0278,78.76,73,0,8.05
158,Tasiilaq,GL,2021-11-24 18:48:33,65.6145,-37.6368,26.76,90,100,4.83
159,Saint-Augustin,CA,2021-11-24 18:48:34,51.226,-58.6502,45.23,98,100,13.56
160,Pushkinskiye Gory,RU,2021-11-24 18:48:34,57.0209,28.9103,36.3,92,100,7.63
161,Hasaki,JP,2021-11-24 18:48:35,35.7333,140.8333,37.69,41,0,5.59
162,Isangel,VU,2021-11-24 18:48:35,-19.55,169.2667,75.31,94,90,0.0
163,Mundo Nuevo,MX,2021-11-24 18:45:16,18.7,-95.5,77.68,72,0,2.64
164,Uvarovka,RU,2021-11-24 18:48:35,55.5278,35.6061,33.22,96,100,13.71
165,Codrington,AU,2021-11-24 18:48:27,-38.2667,141.9667,54.95,94,27,8.14
166,Lavrentiya,RU,2021-11-24 18:48:36,65.5833,-171.0,-4.45,91,42,8.3
167,Saint-Philippe,RE,2021-11-24 18:48:37,-21.3585,55.7679,78.39,79,10,9.75
168,Rafaela,AR,2021-11-24 18:48:38,-31.2503,-61.4867,94.98,19,0,10.0
169,Yulara,AU,2021-11-24 18:48:38,-25.2406,130.9889,60.64,72,0,9.22
170,Ponta Do Sol,PT,2021-11-24 18:48:39,32.6667,-17.1,66.7,65,71,9.55
171,Tupik,RU,2021-11-24 18:48:39,54.4253,119.9327,-0.89,90,100,1.1
172,Igarka,RU,2021-11-24 18:48:39,67.4667,86.5833,8.96,95,100,10.04
173,Broome,US,2021-11-24 18:48:40,42.2506,-75.833,45.63,56,1,1.99
174,Yurino,RU,2021-11-24 18:48:40,56.2942,46.3039,20.52,94,100,14.56
175,Port Elizabeth,ZA,2021-11-24 18:48:01,-33.918,25.5701,61.09,77,20,5.75
176,Sola,VU,2021-11-24 18:48:41,-13.8833,167.55,79.47,83,90,4.61
177,Alice Springs,AU,2021-11-24 18:48:41,-23.7,133.8833,58.55,88,0,8.05
178,Uvalde,US,2021-11-24 18:48:42,29.3669,-99.767,73.53,68,90,12.66
179,Shingu,JP,2021-11-24 18:48:42,33.7333,135.9833,46.51,76,4,6.15
180,Sayyan,YE,2021-11-24 18:48:43,15.1718,44.3244,54.63,27,85,5.12
181,Rawson,AR,2021-11-24 18:48:43,-43.3002,-65.1023,75.16,41,23,11.48
182,Pedasi,PA,2021-11-24 18:48:43,7.5333,-80.0333,78.76,80,100,7.34
183,Praia,CV,2021-11-24 18:48:44,14.9215,-23.5087,84.74,45,0,8.05
184,Kendari,ID,2021-11-24 18:48:44,-3.945,122.4989,75.9,94,100,3.51
185,Jining,CN,2021-11-24 18:49:45,35.405,116.5814,40.93,51,0,4.32
186,Denia,ES,2021-11-24 18:49:45,38.8408,0.1057,52.75,55,8,7.0
187,Akyab,MM,2021-11-24 18:49:46,20.15,92.9,76.1,66,7,5.88
188,Touros,BR,2021-11-24 18:49:46,-5.1989,-35.4608,86.9,68,11,15.03
189,Henties Bay,NA,2021-11-24 18:49:46,-22.116,14.2845,60.85,84,82,5.37
190,Tura,IN,2021-11-24 18:49:47,25.5198,90.2201,59.27,65,0,3.29
191,Mackenzie,CA,2021-11-24 18:49:47,55.2999,-123.1698,28.62,93,90,13.8
192,Liwale,TZ,2021-11-24 18:49:47,-9.7667,37.9333,75.43,62,42,5.79
193,Port Hawkesbury,CA,2021-11-24 18:49:48,45.6169,-61.3485,42.39,94,90,11.99
194,Andujar,ES,2021-11-24 18:49:49,38.0392,-4.0508,52.2,78,100,2.66
195,Yumen,CN,2021-11-24 18:49:49,40.2833,97.2,28.89,29,1,13.53
196,Nizwa,OM,2021-11-24 18:49:49,22.9333,57.5333,75.09,30,4,2.86
197,Mingaora,PK,2021-11-24 18:49:50,34.7758,72.3625,55.83,32,100,4.94
198,Manzhouli,CN,2021-11-24 18:49:50,49.6,117.4333,-0.63,76,14,5.39
199,Wanaka,NZ,2021-11-24 18:48:08,-44.7,169.15,58.1,58,100,1.99
200,Vardo,NO,2021-11-24 18:49:51,70.3705,31.1107,24.55,93,90,12.66
201,Killybegs,IE,2021-11-24 18:49:51,54.6333,-8.45,46.11,66,41,19.37
202,Kaitangata,NZ,2021-11-24 18:49:51,-46.2817,169.8464,52.52,69,100,3.62
203,Kabompo,ZM,2021-11-24 18:49:52,-13.5927,24.2008,65.77,90,99,3.33
204,Cayenne,GF,2021-11-24 18:49:52,4.9333,-52.3333,87.84,81,75,3.0
205,Zabid,YE,2021-11-24 18:49:53,14.1951,43.3152,83.17,70,100,4.03
206,Flin Flon,CA,2021-11-24 18:49:53,54.7682,-101.865,-2.36,65,40,9.22
207,Esso,RU,2021-11-24 18:49:53,55.9333,158.7,16.11,98,100,3.22
208,Abu Kamal,SY,2021-11-24 18:49:54,34.4506,40.9171,62.47,48,8,8.32
209,Tshikapa,CD,2021-11-24 18:49:54,-6.4167,20.8,69.78,93,100,0.6
210,Farafangana,MG,2021-11-24 18:49:54,-22.8167,47.8333,77.04,92,98,5.48
211,Shizunai,JP,2021-11-24 18:49:55,42.3339,142.3669,40.08,65,100,23.8
212,Kaohsiung,TW,2021-11-24 18:49:55,22.6163,120.3133,69.75,74,75,3.0
213,Esmeraldas,BR,2021-11-24 18:49:56,-19.7625,-44.3139,88.11,58,100,4.92
214,Plotnikovo,RU,2021-11-24 18:49:56,55.0247,85.9436,19.74,96,100,9.35
215,San Juan De Uraba,CO,2021-11-24 18:49:57,8.7592,-76.5297,82.24,73,48,6.71
216,Corrales,US,2021-11-24 18:49:57,35.2378,-106.6067,58.26,65,75,5.99
217,Kloulklubed,PW,2021-11-24 18:49:58,7.0419,134.2556,81.1,75,29,17.22
218,Markova,UA,2021-11-24 18:49:58,48.6758,24.4138,26.19,84,7,3.85
219,Mon,IN,2021-11-24 18:49:59,26.75,95.1,56.17,80,0,3.89
220,Choix,MX,2021-11-24 18:46:13,26.7092,-108.3219,83.52,31,64,5.75
221,Ternate,ID,2021-11-24 18:49:59,0.8,127.4,81.1,79,90,2.37
222,Pincher Creek,CA,2021-11-24 18:50:00,49.4833,-113.952,33.91,60,1,27.63
223,Verkhnyaya Inta,RU,2021-11-24 18:50:00,65.9811,60.3094,11.03,94,100,16.71
224,Kemijarvi,FI,2021-11-24 18:50:00,66.7131,27.4306,7.45,97,52,3.13
225,Ahipara,NZ,2021-11-24 18:50:01,-35.1667,173.1667,60.03,87,82,2.55
226,Berlevag,NO,2021-11-24 18:50:01,70.8578,29.0864,26.55,93,90,4.61
227,Hami,CN,2021-11-24 18:50:02,42.8,93.45,26.28,66,12,3.85
228,Paciran,ID,2021-11-24 18:50:03,-6.8767,112.3761,79.27,84,100,8.61
229,Pitimbu,BR,2021-11-24 18:50:03,-7.4706,-34.8086,88.39,68,2,10.27
230,Kodiak,US,2021-11-24 18:46:12,57.79,-152.4072,20.71,63,90,14.97
231,Biak,ID,2021-11-24 18:48:28,-0.9131,122.8766,76.37,83,100,1.81
232,Chapais,CA,2021-11-24 18:50:04,49.7834,-74.8492,26.38,79,20,8.52
233,Zyryanka,RU,2021-11-24 18:50:40,65.75,150.85,-11.63,97,100,8.46
234,Ambovombe,MG,2021-11-24 18:51:04,-25.1667,46.0833,71.02,78,29,9.01
235,Bonavista,CA,2021-11-24 18:51:05,48.6499,-53.1147,50.0,98,100,21.97
236,Kieta,PG,2021-11-24 18:51:05,-6.2167,155.6333,78.57,76,32,3.56
237,Eregli,TR,2021-11-24 18:51:05,37.5133,34.0467,51.49,63,92,1.25
238,Ponta Delgada,PT,2021-11-24 18:46:40,37.7333,-25.6667,65.5,72,75,12.66
239,Banda Aceh,ID,2021-11-24 18:51:06,5.5577,95.3222,76.68,84,100,5.3
240,Baghdad,IQ,2021-11-24 18:49:49,33.3406,44.4009,57.11,62,0,1.14
241,Puri,IN,2021-11-24 18:51:03,19.8,85.85,79.38,78,99,6.62
242,Buenos Aires,AR,2021-11-24 18:47:50,-34.6132,-58.3772,93.0,20,0,8.05
243,Arman,RU,2021-11-24 18:51:07,59.7,150.1667,12.65,76,2,9.75
244,Mogadishu,SO,2021-11-24 18:51:07,2.0371,45.3438,80.87,77,52,14.83
245,Rostovka,RU,2021-11-24 18:51:07,55.3842,71.8891,-0.78,99,56,5.57
246,Dickinson,US,2021-11-24 18:51:08,29.4608,-95.0513,77.2,69,90,5.01
247,Cockburn Town,TC,2021-11-24 18:51:08,21.4612,-71.1419,80.06,64,100,17.9
248,Belfast,GB,2021-11-24 18:51:09,54.5833,-5.9333,42.62,79,20,5.75
249,Acapulco,MX,2021-11-24 18:48:31,16.8634,-99.8901,85.01,65,1,6.06
250,Narsaq,GL,2021-11-24 18:51:09,60.9167,-46.05,35.4,98,100,7.9
251,The Valley,AI,2021-11-24 18:51:10,18.217,-63.0578,85.86,69,40,2.3
252,Grindavik,IS,2021-11-24 18:51:10,63.8424,-22.4338,30.67,74,90,9.22
253,Madingou,CG,2021-11-24 18:51:10,-4.1536,13.55,74.7,94,100,5.19
254,Kismayo,SO,2021-11-24 18:51:11,-0.3582,42.5454,79.72,83,75,11.12
255,Litovko,RU,2021-11-24 18:51:11,49.2361,135.1742,7.9,94,100,5.91
256,Isla Mujeres,MX,2021-11-24 18:50:02,21.2311,-86.731,80.17,57,8,9.84
257,Te Anau,NZ,2021-11-24 18:51:12,-45.4167,167.7167,50.09,80,100,3.2
258,Tynda,RU,2021-11-24 18:51:12,55.1667,124.7167,-3.46,95,89,2.39
259,Tamiahua,MX,2021-11-24 18:51:12,21.2667,-97.45,78.26,64,50,9.04
260,Kadhan,PK,2021-11-24 18:51:13,24.481,68.9859,75.07,54,0,7.25
261,Pangai,TO,2021-11-24 18:51:13,-19.8,-174.35,77.11,88,20,0.0
262,Champerico,GT,2021-11-24 18:51:14,14.3,-91.9167,93.76,67,47,6.58
263,Palauig,PH,2021-11-24 18:51:14,15.435,119.9045,79.92,73,54,5.32
264,Port-Cartier,CA,2021-11-24 18:51:14,50.0334,-66.8654,37.62,51,0,15.28
265,Bosilegrad,RS,2021-11-24 18:51:15,42.5011,22.4724,41.68,88,94,2.55
266,Lebanon,US,2021-11-24 18:48:46,36.2081,-86.2911,59.9,33,1,14.97
267,Voyinka,UA,2021-11-24 18:51:15,45.8699,33.9914,34.34,70,3,1.28
268,Shkotovo,RU,2021-11-24 18:51:16,43.3319,132.3625,13.28,62,54,0.0
269,Bay Roberts,CA,2021-11-24 18:51:16,47.5999,-53.2648,52.03,89,100,5.99
270,Yurga,RU,2021-11-24 18:51:16,55.7231,84.8861,20.53,93,100,9.31
271,Bayangol,RU,2021-11-24 18:51:17,50.6977,103.4656,8.69,95,57,2.3
272,Le Mans,FR,2021-11-24 18:51:18,48.0,0.2,37.33,87,40,2.3
273,Xichang,CN,2021-11-24 18:51:18,27.8964,102.2634,44.19,87,52,1.28
274,Laguna,US,2021-11-24 18:51:18,38.421,-121.4238,64.0,48,1,4.0
275,Saint-Georges,GD,2021-11-24 18:51:19,12.0564,-61.7485,85.68,74,75,13.8
276,Kavieng,PG,2021-11-24 18:49:37,-2.5744,150.7967,82.4,73,20,12.06
277,Anadyr,RU,2021-11-24 18:49:35,64.75,177.4833,-14.01,75,0,11.01
278,Karlshamn,SE,2021-11-24 18:51:19,56.1706,14.8619,45.09,85,100,9.84
279,Port Moresby,PG,2021-11-24 18:51:20,-9.4431,147.1797,76.42,94,75,5.75
280,Matara,LK,2021-11-24 18:50:19,5.9485,80.5353,76.05,91,100,1.54
281,Dharchula,IN,2021-11-24 18:51:16,29.85,80.5333,51.6,46,0,6.22
282,Akhaldaba,GE,2021-11-24 18:52:20,41.654,42.1516,39.76,99,100,1.86
283,Mahebourg,MU,2021-11-24 18:52:21,-20.4081,57.7,77.25,83,20,5.75
284,Plettenberg Bay,ZA,2021-11-24 18:52:21,-34.0527,23.3716,59.65,76,20,10.31
285,Manali,IN,2021-11-24 18:52:22,13.1667,80.2667,82.49,88,100,9.91
286,Padang,ID,2021-11-24 18:52:22,-0.9492,100.3543,75.25,71,100,3.04
287,Prescott,US,2021-11-24 18:49:51,34.54,-112.4685,57.9,46,1,1.99
288,Ivrea,IT,2021-11-24 18:52:23,45.4672,7.8762,49.3,86,100,3.42
289,Rorvik,NO,2021-11-24 18:52:23,64.8621,11.2373,41.11,81,40,8.05
290,Zyryanskoye,RU,2021-11-24 18:52:23,56.8306,86.6258,20.66,91,100,12.03
291,Dhidhdhoo,MV,2021-11-24 18:52:24,6.8833,73.1,77.97,84,100,11.92
292,Ketchikan,US,2021-11-24 18:52:24,55.3422,-131.6461,39.67,87,90,34.52
293,Pevek,RU,2021-11-24 18:52:25,69.7008,170.3133,-21.01,95,100,2.33
294,Alamos,MX,2021-11-24 18:52:25,27.0167,-108.9333,73.72,29,93,6.11
295,Inhambane,MZ,2021-11-24 18:52:26,-23.865,35.3833,75.18,60,40,4.61
296,Lazaro Cardenas,MX,2021-11-24 18:52:26,17.9583,-102.2,84.25,66,5,6.49
297,Luxor,EG,2021-11-24 18:52:27,25.6989,32.6421,68.05,45,0,0.0
298,Balabac,PH,2021-11-24 18:52:27,7.9868,117.0645,80.82,81,100,13.78
299,Christchurch,NZ,2021-11-24 18:49:54,-43.5333,172.6333,60.03,81,100,5.99
300,Dondo,MZ,2021-11-24 18:52:27,-19.6094,34.7431,80.11,76,99,9.73
301,Rovaniemi,FI,2021-11-24 18:52:28,66.5,25.7167,6.21,92,20,5.75
302,Lagoa,PT,2021-11-24 18:52:28,39.05,-27.9833,63.64,78,80,34.76
303,El Carmen,CO,2021-11-24 18:52:29,8.5106,-73.4478,74.39,91,63,0.63
304,Darab,IR,2021-11-24 18:52:29,28.7519,54.5444,60.67,30,0,0.78
305,San Martin,AR,2021-11-24 18:52:29,-33.081,-68.4681,86.54,27,89,4.68
306,Bayanday,RU,2021-11-24 18:52:30,53.0661,105.5139,10.72,98,100,5.28
307,Goderich,CA,2021-11-24 18:49:26,43.7501,-81.7165,46.9,53,100,18.41
308,Pavino,RU,2021-11-24 18:52:30,59.1139,46.1414,19.6,94,100,9.19
309,Saint-Pierre,RE,2021-11-24 18:50:47,-21.3393,55.4781,78.48,71,20,2.3
310,Leningradskiy,RU,2021-11-24 18:52:31,69.3833,178.4167,-14.85,94,100,4.21
311,Olinda,BR,2021-11-24 18:52:31,-8.0089,-34.8553,83.93,70,40,9.22
312,Mayo,US,2021-11-24 18:48:40,38.8876,-76.5119,50.56,39,1,3.0
313,Rio Grande,BR,2021-11-24 18:51:13,-32.035,-52.0986,82.51,52,0,11.59
314,Saldanha,ZA,2021-11-24 18:52:32,-33.0117,17.9442,66.25,66,0,21.25
315,Klaksvik,FO,2021-11-24 18:52:32,62.2266,-6.589,40.12,80,86,47.83
316,Kovdor,RU,2021-11-24 18:52:33,67.5662,30.4758,4.33,100,93,2.64
317,La Libertad,EC,2021-11-24 18:52:33,-2.2333,-80.9,74.86,78,75,8.05
318,Hay River,CA,2021-11-24 18:52:35,60.8156,-115.7999,-9.42,77,20,4.61
319,Noyon,FR,2021-11-24 18:52:35,49.5833,3.0,41.52,92,5,3.83
320,Bahia Blanca,AR,2021-11-24 18:51:30,-38.7196,-62.2724,89.55,27,100,16.73
321,Novaya Malykla,RU,2021-11-24 18:52:36,54.2,49.95,16.77,91,98,11.05
322,Tarko-Sale,RU,2021-11-24 18:52:36,64.9225,77.785,-4.05,94,100,10.85
323,Adjumani,UG,2021-11-24 18:52:36,3.3779,31.7909,78.24,42,99,2.39
324,Fengrun,CN,2021-11-24 18:52:37,39.8333,118.1167,34.99,45,0,2.82
325,Kidal,ML,2021-11-24 18:53:37,18.4411,1.4078,84.16,21,0,9.04
326,Petropavlovsk-Kamchatskiy,RU,2021-11-24 18:53:38,53.0452,158.6483,37.99,60,75,6.71
327,Mopti,ML,2021-11-24 18:53:38,14.6667,-4.0,89.64,37,0,9.22
328,Bafq,IR,2021-11-24 18:53:38,31.6128,55.4107,59.86,38,0,2.73
329,Kalabagh,PK,2021-11-24 18:53:39,32.965,71.557,64.89,22,17,2.51
330,Tucuman,AR,2021-11-24 18:53:39,-26.8241,-65.2226,78.8,65,90,4.61
331,Saint Anthony,US,2021-11-24 18:53:40,45.0205,-93.218,48.83,59,40,5.01
332,Ararat,AM,2021-11-24 18:53:41,39.8317,44.7049,48.54,46,95,1.54
333,Egvekinot,RU,2021-11-24 18:53:41,66.3167,-179.1667,-5.66,77,100,5.28
334,Port Macquarie,AU,2021-11-24 18:53:42,-31.4333,152.9167,69.89,100,75,3.44
335,Assentoft,DK,2021-11-24 18:53:42,56.4421,10.1517,45.45,98,100,12.5
336,Jardim,BR,2021-11-24 18:50:11,-21.4803,-56.1381,94.82,39,100,2.33
337,Tanggu,CN,2021-11-24 18:53:43,39.0211,117.6469,31.96,39,0,4.56
338,Santiago Del Estero,AR,2021-11-24 18:53:43,-27.7951,-64.2615,87.87,45,100,16.49
339,Poddorye,RU,2021-11-24 18:53:44,57.4695,31.1156,35.78,91,98,8.14
340,Castro,BR,2021-11-24 18:53:44,-24.7911,-50.0119,84.09,36,14,4.12
341,Certegui,CO,2021-11-24 18:53:45,5.3707,-76.6044,80.82,86,72,4.76
342,Rabaul,PG,2021-11-24 18:53:45,-4.1967,152.1721,80.04,77,16,2.57
343,Toppenish,US,2021-11-24 18:53:46,46.3774,-120.3087,43.72,57,100,1.81
344,Ampanihy,MG,2021-11-24 18:53:46,-24.7,44.75,66.31,87,100,4.41
345,Shaowu,CN,2021-11-24 18:53:46,27.3409,117.4831,46.26,68,95,1.01
346,Harper,LR,2021-11-24 18:53:47,4.375,-7.7169,80.2,82,66,7.18
347,Lompoc,US,2021-11-24 18:53:47,34.6391,-120.4579,70.84,51,1,4.0
348,Snezhnogorsk,RU,2021-11-24 18:53:48,69.1933,33.2531,-0.62,91,89,5.23
349,Ulaanbaatar,MN,2021-11-24 18:53:48,47.9077,106.8832,-2.07,78,0,4.47
350,College,US,2021-11-24 18:53:48,64.8569,-147.8028,-9.42,75,20,3.44
351,High Level,CA,2021-11-24 18:53:49,58.5169,-117.136,-7.49,84,75,5.75
352,Coos Bay,US,2021-11-24 18:53:49,43.3665,-124.2179,44.58,96,1,0.0
353,Wajima,JP,2021-11-24 18:53:50,37.4,136.9,54.48,63,96,29.51
354,Arsk,RU,2021-11-24 18:53:50,56.0915,49.8778,17.38,90,100,11.1
355,Namatanai,PG,2021-11-24 18:53:50,-3.6667,152.4333,79.29,80,55,6.31
356,Poum,NC,2021-11-24 18:53:51,-20.2333,164.0167,76.69,76,14,9.33
357,Atambua,ID,2021-11-24 18:49:17,-9.1061,124.8925,75.52,84,99,1.21
358,Sorong,ID,2021-11-24 18:53:52,-0.8833,131.25,81.41,80,73,6.08
359,Haines Junction,CA,2021-11-24 18:53:52,60.7522,-137.5108,-2.25,84,100,0.0
360,Meulaboh,ID,2021-11-24 18:53:52,4.1363,96.1285,74.75,86,100,5.26
361,Maningrida,AU,2021-11-24 18:53:53,-12.0667,134.2667,80.91,76,89,2.68
362,Nador,MA,2021-11-24 18:53:53,35.174,-2.9287,55.65,71,20,3.44
363,Ambon,ID,2021-11-24 18:51:02,-3.6954,128.1814,75.34,94,40,8.05
364,Leshukonskoye,RU,2021-11-24 18:53:54,64.8989,45.7622,14.97,97,100,3.15
365,Hofn,IS,2021-11-24 18:53:54,64.2539,-15.2082,30.22,51,40,25.32
366,Gazanjyk,TM,2021-11-24 18:53:54,39.2446,55.5154,56.98,58,20,8.72
367,Namibe,AO,2021-11-24 18:53:55,-15.1961,12.1522,70.48,63,5,13.24
368,Bairnsdale,AU,2021-11-24 18:53:55,-37.8333,147.6167,64.47,95,100,4.0
369,Geraldton,AU,2021-11-24 18:53:56,-28.7667,114.6,59.41,72,0,5.75
370,Nioro,GM,2021-11-24 18:54:56,13.35,-15.75,88.07,20,83,5.03
371,San Lawrenz,MT,2021-11-24 18:54:56,36.0553,14.204,59.86,78,9,6.96
372,Langham,CA,2021-11-24 18:54:57,52.3668,-106.9679,4.84,93,46,5.06
373,Adeje,ES,2021-11-24 18:54:57,28.1227,-16.726,71.56,80,40,12.66
374,Nieuw Amsterdam,SR,2021-11-24 18:54:57,5.8833,-55.0833,91.56,76,40,9.22
375,Werda,BW,2021-11-24 18:54:58,-25.2667,23.2833,77.94,23,0,3.94
376,Rudnyy,KZ,2021-11-24 18:54:58,52.9594,63.1206,-0.17,98,15,3.67
377,Bridgetown,BB,2021-11-24 18:53:30,13.1,-59.6167,86.49,70,75,14.97
378,Camocim,BR,2021-11-24 18:54:59,-2.9022,-40.8411,86.79,63,31,19.3
379,Molochnoye,RU,2021-11-24 18:54:59,59.2917,39.6787,31.53,96,100,15.05
380,Sur,OM,2021-11-24 18:54:59,22.5667,59.5289,79.11,35,0,5.61
381,Reitz,ZA,2021-11-24 18:55:00,-27.8014,28.4273,50.45,75,100,14.97
382,Ostrovnoy,RU,2021-11-24 18:55:00,68.0531,39.5131,27.77,54,100,20.07
383,Tripoli,LY,2021-11-24 18:55:01,32.8752,13.1875,70.34,65,100,2.44
384,Ribas Do Rio Pardo,BR,2021-11-24 18:55:01,-20.4431,-53.7592,93.33,37,100,7.74
385,Fairbanks,US,2021-11-24 18:53:53,64.8378,-147.7164,-9.4,74,20,3.44
386,Tiarei,PF,2021-11-24 18:55:02,-17.5333,-149.3333,84.22,76,60,5.79
387,Lamesa,US,2021-11-24 18:55:02,32.7376,-101.951,71.53,25,100,18.52
388,Carandai,BR,2021-11-24 18:55:02,-20.9536,-43.8064,80.64,60,100,6.46
389,Bull Savanna,JM,2021-11-24 18:55:03,17.8868,-77.5902,81.9,60,100,7.2
390,Bundaberg,AU,2021-11-24 18:55:03,-24.85,152.35,77.22,91,40,1.99
391,Paracuru,BR,2021-11-24 18:55:03,-3.41,-39.0306,86.02,64,53,15.73
392,Sandakan,MY,2021-11-24 18:50:43,5.8402,118.1179,78.48,94,20,5.99
393,Acari,PE,2021-11-24 18:55:04,-15.4311,-74.6158,73.85,63,100,8.03
394,San Ramon,US,2021-11-24 18:55:04,37.7799,-121.978,63.84,37,5,1.99
395,Changchun,CN,2021-11-24 18:55:05,43.88,125.3228,6.76,94,11,5.5
396,Sabya,SA,2021-11-24 18:55:05,17.1495,42.6254,83.82,67,2,5.59
397,Sao Miguel Do Araguaia,BR,2021-11-24 18:54:04,-13.275,-50.1628,85.53,66,100,2.82
398,Upata,VE,2021-11-24 18:55:06,8.0086,-62.3989,88.2,59,100,5.64
399,Santa Cruz Do Capibaribe,BR,2021-11-24 18:55:06,-7.9575,-36.2047,94.66,20,12,5.66
400,Sept-Iles,CA,2021-11-24 18:55:07,50.2001,-66.3821,37.92,56,20,8.01
401,Great Falls,US,2021-11-24 18:55:07,47.5002,-111.3008,31.66,90,90,3.0
402,Nelson Bay,AU,2021-11-24 18:55:08,-32.7167,152.15,70.0,95,100,1.99
403,Naze,JP,2021-11-24 18:55:09,28.3667,129.4833,57.56,64,6,4.68
404,Ayan,RU,2021-11-24 18:55:09,56.45,138.1667,27.46,94,100,21.34
405,Pak Phanang,TH,2021-11-24 18:55:10,8.3511,100.202,80.08,88,100,5.37
406,Linhares,BR,2021-11-24 18:55:10,-19.3911,-40.0722,80.19,70,100,7.78
407,Aviles,ES,2021-11-24 18:55:11,43.5547,-5.9248,53.76,78,75,11.99
408,Emerald,AU,2021-11-24 18:50:21,-23.5333,148.1667,71.74,85,90,5.75
409,Axim,GH,2021-11-24 18:55:11,4.8699,-2.2405,80.71,83,34,6.26
410,Arlit,NE,2021-11-24 18:55:11,18.7369,7.3853,82.74,13,1,7.45
411,Ballina,AU,2021-11-24 18:55:12,-28.8667,153.5667,69.98,100,75,5.75
412,Bireun,ID,2021-11-24 18:55:12,5.203,96.7009,77.0,86,100,7.25
413,Krasnoselkup,RU,2021-11-24 18:55:13,65.7,82.4667,8.15,94,100,11.07
414,Chinsali,ZM,2021-11-24 18:55:13,-10.5414,32.0816,76.91,41,88,4.25
415,Xuddur,SO,2021-11-24 18:55:14,4.1213,43.8894,79.12,36,20,6.49
416,Muros,ES,2021-11-24 18:55:14,42.7762,-9.0603,55.83,74,30,12.15
417,Alyangula,AU,2021-11-24 18:56:14,-13.8483,136.4192,84.07,70,100,6.91
418,Vila Velha,BR,2021-11-24 18:56:15,-20.3297,-40.2925,78.75,83,40,13.0
419,Lerwick,GB,2021-11-24 18:56:15,60.1545,-1.1494,44.6,74,100,28.7
420,Kiama,AU,2021-11-24 18:56:16,-34.6833,150.8667,69.39,92,100,8.01
421,Bandarbeyla,SO,2021-11-24 18:56:16,9.4942,50.8122,80.96,62,69,16.33
422,Umm Kaddadah,SD,2021-11-24 18:56:16,13.6017,26.6876,70.75,14,1,12.17
423,Elmira,US,2021-11-24 18:56:17,42.0898,-76.8077,46.4,57,63,5.86
424,Montorio Al Vomano,IT,2021-11-24 18:56:17,42.5831,13.6383,53.96,94,76,2.26
425,Hualmay,PE,2021-11-24 18:56:18,-11.0964,-77.6139,70.88,72,78,10.45
426,Parkes,AU,2021-11-24 18:56:18,-33.1333,148.1833,68.36,88,100,7.0
427,Rio Branco,BR,2021-11-24 18:56:19,-9.9747,-67.81,86.61,74,75,2.3
428,Chuhar Kana,PK,2021-11-24 18:56:19,31.75,73.8,59.11,28,0,6.93
429,Seymchan,RU,2021-11-24 18:56:20,62.8833,152.4333,-25.47,98,100,1.3
430,Silver City,US,2021-11-24 18:56:20,32.7701,-108.2803,56.3,57,75,8.01
431,Mirnyy,RU,2021-11-24 18:56:20,62.5353,113.9611,-15.9,100,100,3.31
432,Bonanza,NI,2021-11-24 18:56:21,14.0289,-84.591,82.99,52,99,6.8
433,Kyabe,TD,2021-11-24 18:56:21,9.4515,18.9449,80.71,23,0,3.13
434,Xam Nua,LA,2021-11-24 18:56:21,20.4197,104.0439,51.8,92,84,1.01
435,Waipawa,NZ,2021-11-24 18:56:22,-41.4122,175.5153,55.92,67,93,5.17
436,Okhotsk,RU,2021-11-24 18:56:22,59.3833,143.3,7.83,73,70,13.4
437,Suzhou,CN,2021-11-24 18:54:36,31.3114,120.6181,47.89,59,1,4.7
438,Paamiut,GL,2021-11-24 18:56:23,61.994,-49.6678,35.87,98,100,26.73
439,Aitape,PG,2021-11-24 18:56:23,-3.1374,142.3475,77.23,85,100,5.21
440,Vila Franca Do Campo,PT,2021-11-24 18:56:23,37.7167,-25.4333,65.19,75,100,21.3
441,Toamasina,MG,2021-11-24 18:56:24,-18.1667,49.3833,78.8,78,20,6.91
442,Tautira,PF,2021-11-24 18:56:24,-17.7333,-149.15,84.22,77,31,8.61
443,Ixtapa,MX,2021-11-24 18:52:19,20.7,-105.2,83.23,69,23,5.99
444,General Roca,AR,2021-11-24 18:56:25,-39.0333,-67.5833,90.0,15,100,5.57
445,Whitehorse,CA,2021-11-24 18:56:25,60.7161,-135.0538,12.97,78,75,5.01
446,Severo-Yeniseyskiy,RU,2021-11-24 18:56:25,60.3725,93.0408,15.26,90,100,8.25
447,Phuthaditjhaba,ZA,2021-11-24 18:56:26,-28.5242,28.8158,48.0,86,100,5.39
448,Great Yarmouth,GB,2021-11-24 18:56:26,52.6083,1.7305,44.24,80,100,6.46
449,Dicabisagan,PH,2021-11-24 18:56:27,17.0818,122.4157,76.87,89,59,3.33
450,Ukiah,US,2021-11-24 18:56:27,39.1502,-123.2078,69.04,41,1,1.07
451,Tessalit,ML,2021-11-24 18:56:27,20.1986,1.0114,79.84,27,12,9.73
452,Antalaha,MG,2021-11-24 18:56:28,-14.9003,50.2788,73.56,83,14,4.74
453,Kudahuvadhoo,MV,2021-11-24 18:56:28,2.6708,72.8944,81.72,71,100,18.1
454,Jalu,LY,2021-11-24 18:56:29,29.0331,21.5482,70.18,30,0,6.33
455,Ponorogo,ID,2021-11-24 18:56:29,-7.8685,111.462,76.06,90,99,2.86
456,Paita,PE,2021-11-24 18:56:29,-5.0892,-81.1144,79.36,72,92,14.12
457,Zhaotong,CN,2021-11-24 18:56:30,27.3167,103.7167,39.16,93,19,3.27
458,Abatskoye,RU,2021-11-24 18:56:30,56.2875,70.4555,-0.31,99,62,5.82
459,Maumere,ID,2021-11-24 18:56:30,-8.6199,122.2111,81.09,75,98,3.8
460,Pemba,MZ,2021-11-24 18:56:31,-12.974,40.5178,81.14,78,15,15.86
461,Komsomolskiy,UZ,2021-11-24 18:56:31,40.4272,71.7189,45.82,56,3,0.0
462,Port Hedland,AU,2021-11-24 18:56:32,-20.3167,118.5667,78.85,57,100,5.75
463,Kropotkin,RU,2021-11-24 18:56:32,45.4375,40.5756,34.36,75,39,3.4
464,Kolyvan,RU,2021-11-24 18:56:32,55.3053,82.7391,23.05,96,100,5.28
465,Neiafu,TO,2021-11-24 18:57:33,-18.65,-173.9833,79.48,83,40,3.44
466,Luderitz,NA,2021-11-24 18:57:33,-26.6481,15.1594,63.19,76,0,15.59
467,Tosya,TR,2021-11-24 18:57:34,41.0155,34.0401,40.14,95,100,5.55
468,Zuwarah,LY,2021-11-24 18:57:34,32.9312,12.082,68.36,63,100,3.04
469,Kunszentmarton,HU,2021-11-24 18:57:34,46.8392,20.2888,34.12,65,0,5.01
470,Santa Fe,AR,2021-11-24 18:54:47,-31.6333,-60.7,97.0,27,0,8.01
471,Razdolinsk,RU,2021-11-24 18:57:35,58.4211,94.6658,17.53,94,100,9.1
472,Seminole,US,2021-11-24 18:57:35,28.7086,-81.2081,72.99,61,99,1.01
473,Buraydah,SA,2021-11-24 18:57:36,26.326,43.975,66.65,40,0,11.54
474,Guantanamo,CU,2021-11-24 18:57:36,20.1444,-75.2092,82.36,65,67,6.29
475,Pauini,BR,2021-11-24 18:57:37,-7.7136,-66.9764,83.75,80,100,2.46
476,Plateros,MX,2021-11-24 18:57:37,23.2167,-102.85,66.61,33,38,13.56
477,Tabatinga,BR,2021-11-24 18:57:37,-4.2525,-69.9381,80.69,83,40,5.75
478,Kalmunai,LK,2021-11-24 18:57:38,7.4167,81.8167,77.5,88,100,2.95
479,Victor Harbor,AU,2021-11-24 18:57:38,-35.5667,138.6167,64.8,90,99,3.0
480,Nhulunbuy,AU,2021-11-24 18:57:39,-12.2333,136.7667,79.41,89,99,4.61
481,Guane,CU,2021-11-24 18:57:39,22.2025,-84.0875,79.97,45,0,8.19
482,Montepuez,MZ,2021-11-24 18:57:40,-13.1256,38.9997,77.23,66,17,9.53
483,Nome,US,2021-11-24 18:57:11,64.5011,-165.4064,-8.79,99,5,6.24
484,Cairns,AU,2021-11-24 18:55:15,-16.9167,145.7667,79.07,90,90,8.05
485,Ila,NO,2021-11-24 18:57:40,63.4305,10.3705,41.95,90,100,8.1
486,Brae,GB,2021-11-24 18:57:41,60.3964,-1.353,44.51,74,100,27.4
487,Ustka,PL,2021-11-24 18:57:41,54.5805,16.8619,45.23,91,100,15.73
488,Teacapan,MX,2021-11-24 18:57:42,22.55,-105.75,82.35,54,11,9.33
489,Pontianak,ID,2021-11-24 18:57:42,-0.0333,109.3333,75.18,94,75,0.0
490,Oktyabrskoye,RU,2021-11-24 18:57:42,43.0645,44.7417,30.34,100,100,4.47
491,Lata,PT,2021-11-24 18:57:44,40.1629,-8.3327,52.92,88,5,4.54
492,Xining,CN,2021-11-24 18:55:41,36.6167,101.7667,28.62,33,0,2.3
493,Barra Patuca,HN,2021-11-24 18:57:44,15.8,-84.2833,81.3,70,100,12.8
494,Kabwe,ZM,2021-11-24 18:54:15,-14.4469,28.4464,66.43,89,100,5.5
495,Monte Patria,CL,2021-11-24 18:55:53,-30.6919,-70.9467,80.62,24,0,10.6
496,Gorontalo,ID,2021-11-24 18:57:45,0.5412,123.0595,76.08,93,100,2.21
497,Tigil,RU,2021-11-24 18:57:45,57.8,158.6667,7.25,90,9,3.98
498,Atherton,GB,2021-11-24 18:57:46,53.5237,-2.4935,45.95,81,100,1.01
499,Jijiga,ET,2021-11-24 18:57:46,9.35,42.8,62.83,50,5,9.44
500,Ndele,CF,2021-11-24 18:57:47,8.4109,20.6473,78.12,24,4,3.98
501,Nassau,US,2021-11-24 18:57:47,40.7507,-73.5829,46.74,38,0,3.0
502,Jiblah,YE,2021-11-24 18:57:47,13.9216,44.1467,61.3,72,14,1.12
503,Torbay,CA,2021-11-24 18:57:48,47.6666,-52.7314,51.28,98,90,17.27
504,Jutai,BR,2021-11-24 18:57:48,-5.1833,-68.9,80.01,90,100,2.68
505,Cidreira,BR,2021-11-24 18:57:49,-30.1811,-50.2056,70.38,61,0,15.37
506,Coihaique,CL,2021-11-24 18:57:49,-45.5752,-72.0662,66.81,51,75,9.22
507,Trincomalee,LK,2021-11-24 18:57:49,8.5711,81.2335,80.4,81,98,6.4
508,Novobelokatay,RU,2021-11-24 18:57:50,55.7062,58.9549,7.97,95,100,9.17
509,Khorramshahr,IR,2021-11-24 18:57:50,30.4397,48.1664,60.76,55,0,2.3
510,Polovinnoye,RU,2021-11-24 18:57:51,54.7914,65.9864,6.31,96,19,6.64
511,Sinnamary,GF,2021-11-24 18:58:51,5.3833,-52.95,83.14,76,72,7.78
512,San Patricio,US,2021-11-24 18:58:51,28.017,-97.5169,82.49,64,100,19.46
513,Rabak,SD,2021-11-24 18:58:52,13.1809,32.74,81.14,18,0,10.29
514,Conceicao Da Barra,BR,2021-11-24 18:58:52,-18.5933,-39.7322,79.9,72,100,8.05
515,Daugavpils,LV,2021-11-24 18:58:53,55.8833,26.5333,38.34,86,100,8.37
516,Oistins,BB,2021-11-24 18:58:53,13.0667,-59.5333,86.09,70,75,14.97
517,Hovd,MN,2021-11-24 18:58:54,48.0056,91.6419,27.25,53,7,8.84
518,Eureka,US,2021-11-24 18:58:54,40.8021,-124.1637,56.19,77,77,6.02
519,Husavik,IS,2021-11-24 18:58:54,66.0449,-17.3389,22.91,85,100,8.39
520,Tanout,NE,2021-11-24 18:58:55,14.9709,8.8879,83.86,13,3,10.69
521,Auki,SB,2021-11-24 18:58:55,-8.7676,160.7034,76.98,87,63,5.01
522,Nerchinskiy Zavod,RU,2021-11-24 18:58:55,51.3088,119.61,-4.61,94,42,2.26
523,Smithers,CA,2021-11-24 18:58:56,54.7804,-127.1743,32.32,93,90,8.05
524,Makakilo City,US,2021-11-24 18:58:56,21.3469,-158.0858,79.29,71,0,4.94
525,Freeport,US,2021-11-24 18:54:40,40.6576,-73.5832,47.05,36,0,3.0
526,Bartlesville,US,2021-11-24 18:58:57,36.7473,-95.9808,67.71,68,100,5.99
527,Cabo San Lucas,MX,2021-11-24 18:58:57,22.8909,-109.9124,84.61,55,0,1.01
528,Parkersburg,US,2021-11-24 18:54:00,39.2667,-81.5615,50.47,40,100,4.0
529,Hirara,JP,2021-11-24 18:58:58,24.8,125.2833,70.59,65,86,12.66
530,Mae Ramat,TH,2021-11-24 18:58:58,16.984,98.5166,69.53,92,85,1.88
531,Hamilton,US,2021-11-24 18:57:33,39.1834,-84.5333,54.99,43,100,1.99
532,Bang Saphan,TH,2021-11-24 18:58:58,11.2126,99.5117,76.68,90,76,6.53
533,Aquiraz,BR,2021-11-24 18:58:59,-3.9014,-38.3911,86.09,66,12,12.28
534,Dandong,CN,2021-11-24 18:58:59,40.1292,124.3947,28.83,56,0,5.66
535,Cotonou,BJ,2021-11-24 18:56:54,6.3654,2.4183,84.18,79,20,10.36
536,Darhan,MN,2021-11-24 18:59:00,49.4867,105.9228,9.88,93,16,1.68
537,Malanje,AO,2021-11-24 18:59:00,-9.5402,16.341,65.61,96,100,1.36
538,Takoradi,GH,2021-11-24 18:59:01,4.8845,-1.7554,80.92,84,8,7.36
539,Iguape,BR,2021-11-24 18:59:01,-24.7081,-47.5553,74.52,66,16,9.57
540,Biltine,TD,2021-11-24 18:59:02,14.5333,20.9167,76.98,13,0,10.67
541,Avera,US,2021-11-24 18:59:02,33.194,-82.5271,58.75,20,0,5.86
542,Guerrero Negro,MX,2021-11-24 18:59:02,27.9769,-114.0611,70.16,61,65,9.98
543,Sao Joao Da Barra,BR,2021-11-24 18:59:03,-21.6403,-41.0511,82.49,70,9,13.62
544,Dourbali,TD,2021-11-24 18:59:03,11.8091,15.8632,82.53,13,1,10.51
545,Jinchang,CN,2021-11-24 18:59:04,38.4953,102.1739,34.16,17,0,4.97
546,Burnie,AU,2021-11-24 18:59:05,-41.0667,145.9167,57.92,79,1,8.19
547,Alta Floresta,BR,2021-11-24 18:59:06,-9.8756,-56.0861,89.42,66,20,8.05
548,Nizhniy Tsasuchey,RU,2021-11-24 18:59:06,50.5167,115.1333,-0.02,94,99,1.59
549,Gravelbourg,CA,2021-11-24 18:59:06,49.8834,-106.5512,10.67,53,51,5.44
550,Yaransk,RU,2021-11-24 18:59:07,57.3033,47.8861,17.17,88,100,13.15
551,Titisee-Neustadt,DE,2021-11-24 18:59:07,47.9,8.1667,33.55,93,0,3.0
552,Portland,US,2021-11-24 18:55:34,45.5234,-122.6762,46.6,92,90,3.0
553,San Jeronimo,PE,2021-11-24 18:59:08,-11.9472,-75.2829,54.86,73,94,5.21
554,Chicama,PE,2021-11-24 18:59:08,-7.8447,-79.1469,64.94,61,67,11.1
555,Marck,FR,2021-11-24 18:59:08,50.949,1.9433,46.56,83,98,2.24
556,Mandalgovi,MN,2021-11-24 19:00:09,45.7625,106.2708,26.8,39,19,8.77
557,Zaraza,VE,2021-11-24 19:00:09,9.3503,-65.3245,87.3,58,100,3.65
558,Gat,IL,2021-11-24 19:00:10,31.61,34.7642,64.81,70,100,4.61
559,Flinders,AU,2021-11-24 19:00:10,-34.5833,150.8552,69.21,92,100,1.01
560,Dunmore Town,BS,2021-11-24 19:00:11,25.5,-76.65,71.29,65,100,21.12
561,Sorland,NO,2021-11-24 19:00:11,67.667,12.6934,35.46,55,100,28.23
562,Abu Samrah,SY,2021-11-24 19:00:12,35.3029,37.1841,60.66,54,12,4.83
563,Hambantota,LK,2021-11-24 19:00:12,6.1241,81.1185,75.54,100,40,1.14
564,Kunya,NG,2021-11-24 19:00:13,12.2233,8.5325,81.32,18,0,6.85
565,Lucea,JM,2021-11-24 19:00:14,18.451,-78.1736,85.86,69,77,16.42
566,Bilma,NE,2021-11-24 19:00:14,18.6853,12.9164,79.99,16,0,7.23
567,Zhob,PK,2021-11-24 19:00:15,31.3411,69.4481,54.77,35,0,1.45
568,Marabba,SD,2021-11-24 19:00:16,12.35,32.1833,83.08,17,0,9.82
569,Mangan,IN,2021-11-24 19:00:16,27.5167,88.5333,59.52,77,89,2.91
